<?xml version="1.0" encoding="UTF-8"?>
<!DOCTYPE hibernate-configuration PUBLIC
        "-//Hibernate/Hibernate Configuration DTD 3.0//EN"
        "http://www.hibernate.org/dtd/hibernate-configuration-3.0.dtd">

<hibernate-configuration>
    <session-factory>

        <!-- ==============
             JDBC / MySQL
             ============== -->
        <property name="hibernate.connection.driver_class">com.mysql.cj.jdbc.Driver</property>
        <property name="hibernate.connection.url">
            jdbc:mysql://localhost:3306/centro_deportivo?sslMode=DISABLED&amp;serverTimezone=Europe/Madrid&amp;allowPublicKeyRetrieval=true
        </property>
        <property name="hibernate.connection.username">root</property>
        <property name="hibernate.connection.password">Jchadom2103.</property>
        <property name="hibernate.dialect">org.hibernate.dialect.MySQLDialect</property>

        <!-- ==============
             Comportamiento
             ============== -->
        <property name="hibernate.hbm2ddl.auto">validate</property>

        <!-- Logs SQL -->
        <property name="hibernate.show_sql">true</property>
        <property name="hibernate.format_sql">true</property>
        <property name="hibernate.highlight_sql">true</property>
        <property name="hibernate.jdbc.lob.non_contextual_creation">true</property>

        <!-- ==============
             Mappings de Entidades
             ============== -->
        <mapping class="domain.model.Deportista"/>
        <mapping class="domain.model.Entrenador"/>
        <mapping class="domain.model.Entrenamiento"/>
        <mapping class="domain.model.EntrenamientoDeportista"/>
        <mapping class="domain.model.Instalacion"/>

    </session-factory>
</hibernate-configuration>