<?xml version="1.0" encoding="UTF-8"?>
<!DOCTYPE hibernate-configuration PUBLIC
        "-//Hibernate/Hibernate Configuration DTD 3.0//EN"
        "http://www.hibernate.org/dtd/hibernate-configuration-3.0.dtd">

<hibernate-configuration>
    <session-factory>

        <!-- ==============
             JDBC / MySQL
             ============== -->
        <property name="hibernate.connection.driver_class">com.mysql.cj.jdbc.Driver</property>
        <property name="hibernate.connection.url">
            jdbc:mysql://localhost:3306/car_dealership?sslMode=DISABLED&amp;serverTimezone=Europe/Madrid&amp;allowPublicKeyRetrieval=true
        </property>
        <property name="hibernate.connection.username">root</property>
        <property name="hibernate.connection.password">TU_PASSWORD</property>
        <property name="hibernate.dialect">org.hibernate.dialect.MySQLDialect</property>

        <!-- ==============
             Comportamiento
             ============== -->
        <property name="hibernate.hbm2ddl.auto">validate</property>

        <!-- Logs SQL -->
        <property name="hibernate.show_sql">true</property>
        <property name="hibernate.format_sql">true</property>
        <property name="hibernate.highlight_sql">true</property>
        <property name="hibernate.jdbc.lob.non_contextual_creation">true</property>

        <mapping class="domain.model.Client"/>
        <mapping class="domain.model.ClientVehicleInterest"/>
        <mapping class="domain.model.Dealership"/>
        <mapping class="domain.model.HeadMechanic"/>
        <mapping class="domain.model.Manager"/>
        <mapping class="domain.model.Material"/>
        <mapping class="domain.model.MaterialType"/>
        <mapping class="domain.model.Mechanic"/>
        <mapping class="domain.model.MechanicSpecialty"/>
        <mapping class="domain.model.MechanicSpecialtyId"/>
        <mapping class="domain.model.Offer"/>
        <mapping class="domain.model.OfferStatus"/>
        <mapping class="domain.model.PaymentMethod"/>
        <mapping class="domain.model.Sale"/>
        <mapping class="domain.model.SalesEmployee"/>
        <mapping class="domain.model.Vehicle"/>
        <mapping class="domain.model.VehicleCategory"/>
        <mapping class="domain.model.VehicleImage"/>
        <mapping class="domain.model.VehicleStatus"/>
        <mapping class="domain.model.Worker"/>
        <mapping class="domain.model.Repair"/>
        <mapping class="domain.model.RepairMaterialId"/>
        <mapping class="domain.model.RepairMaterial"/>
        <mapping class="domain.model.RepairStatus"/>

    </session-factory>
</hibernate-configuration>
